Image,Text
1699486911-stream.jpg,geet a.ispecies Raat iorsaurRear cme creas
1699486920-stream.jpg,Ra NSid stig nin Speena ee Apee metSiS eiegnes rmswee ae aang Beet be Wee ne Stee nnya Scene z a
1699486965-stream.jpg,Mate ere ateete i1699641696-stream.jpg,pane tere
1699641700-stream.jpg, hebeche rsinpes BE mpeg
1699641717-stream.jpg,ee.RES ;
1699641727-stream.jpg,:Me ae slay
1699641742-stream.jpg,Py tS eens
1699641748-stream.jpg,Ebest asap aca
1699641756-stream.jpg,pes
1699733749-stream.jpg,a
1699733752-stream.jpg,. Pasi;
1699733756-stream.jpg,BS is
1699733756-stream.jpg,“wv.
1699734047-stream.jpg,&.Me
1699734073-stream.jpg,Taive
1699734084-stream.jpg,I
1699734085-stream.jpg,eaeBeas i ie:_—
1699734103-stream.jpg,Bi.
1699734106-stream.jpg,Say
1699734121-stream.jpg,i
1699734129-stream.jpg,%
1699734143-stream.jpg,g
1699734156-stream.jpg,Ba
1699734158-stream.jpg,=
1699734176-stream.jpg,"i,"
1699734178-stream.jpg,SpeH:
1699734182-stream.jpg,4
1699734609-stream.jpg,as
1699734610-stream.jpg,4
1699734613-stream.jpg,7
1699734615-stream.jpg,os
1699734618-stream.jpg,my:
1699734621-stream.jpg,ceoeTie.
1699734624-stream.jpg,iaSie
1699734636-stream.jpg,Bi
1699734641-stream.jpg,Ls
1699734643-stream.jpg,"7"" iti. a"
1699734647-stream.jpg,sd
1699734650-stream.jpg,ep
1699734652-stream.jpg,*
1699734669-stream.jpg,ais
1699734696-stream.jpg,ee
1699734698-stream.jpg,are
1699734698-stream.jpg,PGBs.
1699734710-stream.jpg,6H
1699734900-stream.jpg,S.
1699734907-stream.jpg,isort
1699734953-stream.jpg,"“t.,"
1699734981-stream.jpg,EE Sens
1699734998-stream.jpg,ay
1699735003-stream.jpg,ed
1699735025-stream.jpg,g
1699735031-stream.jpg,se
1699735051-stream.jpg,nae eae
1699735648-stream.jpg,t:
1699735657-stream.jpg,oe enea |
1699735678-stream.jpg,=
1699735686-stream.jpg,Be.
1699735714-stream.jpg,te
1699736672-stream.jpg,og
1699736681-stream.jpg,Re
1699736690-stream.jpg,aesaM
1699736710-stream.jpg,Bist &
1699737621-stream.jpg,bia) ee eeei ap ae =
1699737666-stream.jpg,pees
1699737841-stream.jpg,Pe Gay
1699737852-stream.jpg,ria
1699737897-stream.jpg,oes
1699738060-stream.jpg,g
1699738064-stream.jpg,ei
1699738071-stream.jpg,— x™ Pi
1699738075-stream.jpg,ee
1699738145-stream.jpg,[Sa
1699738219-stream.jpg,eek
1699738221-stream.jpg,. a
1699738236-stream.jpg,"""a"
1699738247-stream.jpg,eraaa
1699738310-stream.jpg,Oo asEl
1699738312-stream.jpg,Bot
1699738360-stream.jpg,>
1699738365-stream.jpg,alge :Sat
1699738374-stream.jpg,2* Raea &as Es ze .oe eas * ~i Se e 7ae
1699738376-stream.jpg,"ERNE, RRS ae aera"
1699738381-stream.jpg,inated
1699738451-stream.jpg,FMI 3 eekap eakt:PaBefee et OG ee eee=ae syaici Sale ee ee ne
1699738495-stream.jpg,Sa ere
1699738511-stream.jpg,es
1699738519-stream.jpg,B50Re:
1699738544-stream.jpg,Bese) or Soma
1699738551-stream.jpg,A ‘eie “ Bi ee eeoe o ih 4 ne
1699738557-stream.jpg,FesisaeResxe agg taser eee
1699738558-stream.jpg,yeeGees
1699738567-stream.jpg,c
1699738569-stream.jpg,ae a
1699738574-stream.jpg,= een
1699739039-stream.jpg,i.Bein
1699739082-stream.jpg,Te Pa
1699739177-stream.jpg,oeee
1699739245-stream.jpg,Poe
1699739299-stream.jpg,Bi
1699739301-stream.jpg,lg
1699739464-stream.jpg,ee
1699739495-stream.jpg,er
1699739506-stream.jpg,—
1699739534-stream.jpg,ee
1699739538-stream.jpg,7
1699739552-stream.jpg,iis
1699739582-stream.jpg,ella
1699739639-stream.jpg,*
1699739693-stream.jpg,t
1699739711-stream.jpg,3
1699739743-stream.jpg,iG
1699739782-stream.jpg,","
1699739787-stream.jpg,"i,-"
1699739837-stream.jpg,4
1699739876-stream.jpg,x
1699739889-stream.jpg,x
1699739900-stream.jpg,aEe
1699739972-stream.jpg,ea
1699739978-stream.jpg,it i—
1699740018-stream.jpg,—
1699740023-stream.jpg,rei a
1699740026-stream.jpg,=e- 4
1699740028-stream.jpg,"aciitns >. Sp biel,"
1699740032-stream.jpg,ete eS TUN Oy:sith =.) Sa Sg ea ema ss
1699740105-stream.jpg,fe
1699740124-stream.jpg,SUES PAE eae ee ae
1699740192-stream.jpg,ii is ill is
1699740217-stream.jpg,‘cai
1699740229-stream.jpg,ag ES SE OE ee cee ee ara
1699740360-stream.jpg,ical—
1699740371-stream.jpg,ss
1699740375-stream.jpg,‘—
1699740387-stream.jpg,>
1699740390-stream.jpg,al x
1699740398-stream.jpg,sni
1699740443-stream.jpg,ec
1699740462-stream.jpg,tas)*
1699740474-stream.jpg,||
1699740480-stream.jpg,||/|
1699740542-stream.jpg,OE éa
1699740566-stream.jpg,Set
1699740599-stream.jpg,i ek hoe
1699740601-stream.jpg,Fs
1699740619-stream.jpg,%
1699740629-stream.jpg,3 ¥ y a 'ae en ll ee ae eSEE ice itso
1699740693-stream.jpg,taOt ae ie a
1699740725-stream.jpg,... = Bee = e
1699740728-stream.jpg,Seale
1699740780-stream.jpg,"ean, ga"
1699740785-stream.jpg,ones Se ee CEEipo es I ee ‘ee er eee
1699740826-stream.jpg,A RE teAe ad
1699740852-stream.jpg,aeSy SSeS eeepeaiiare ta
1699740856-stream.jpg,Gongedt
1699740880-stream.jpg,Poe ae
1699740885-stream.jpg,Meam%BY
1699740887-stream.jpg,RAR
1699740892-stream.jpg,PO iF pr eh ae
1699740895-stream.jpg,"2,aga ."
1699740950-stream.jpg,aEvenaessyOA aera>osuSane
1699740965-stream.jpg,eS ee: ss
1699741015-stream.jpg,ee
1699741015-stream.jpg,et eas dee tdi ast a es Mer ee)
1699741025-stream.jpg,EF2ia
1699741074-stream.jpg,ageing SO ow
1699741153-stream.jpg,se
1699741164-stream.jpg,eae- .
1699741223-stream.jpg,eet he oe ete er he ag es gS
1699741266-stream.jpg,;é:
1699741310-stream.jpg,ig
1699741320-stream.jpg,Reise ee ¢aeye ae
1699741326-stream.jpg,hte i
1699741350-stream.jpg,sila Nls sal gleWinch Se Heyeps Sp agin te7 res5Lees ae
1699741354-stream.jpg,ae
1699741356-stream.jpg,a.
1699741358-stream.jpg,::
1699741360-stream.jpg,pop ttgiae WEES! 5
1699741386-stream.jpg,Sa
1699741404-stream.jpg,Sa
1699741406-stream.jpg,alge NESS AE SBC Lt Beant Se icaGe Sigh Sia Ge a 2 Shs NE Tey CO ie ng PRT OP aea
1699741419-stream.jpg,Le A en at
1699741504-stream.jpg,cS nena era BesESE tee eeer pees ete) 5 ee
1699741511-stream.jpg,Be
1699741543-stream.jpg,on.BefaeAge.
1699741622-stream.jpg,.<1 sf
1699741634-stream.jpg,oe enSR Aeon ycr Bere elie
1699741654-stream.jpg,a
1699741674-stream.jpg,oe: Ue ne MARBRS SASL SSE Sere? ue sa ores
1699741690-stream.jpg,aae
1699741757-stream.jpg,srs SH
1699741765-stream.jpg,—_—.s4ee
1699741793-stream.jpg,"oApas Spa a SaisiePeg Ss SS had Hee"""
1699741809-stream.jpg,Sothecsahaaee
1699741817-stream.jpg,Y
1699741837-stream.jpg,oiwy
1699741900-stream.jpg,\. =i~
1699741946-stream.jpg,ReesTAN Sap Dos a SS an ES aS ae eR ae ere cage Uews
1699741960-stream.jpg,petition ang OR pac ane Se mae i ae ee Nag
1699741962-stream.jpg,(be Se I alan TE
1699742042-stream.jpg,aun % eeSis ah dean ES il te SS ips Sepp acat Sek
1699742051-stream.jpg,PA PAP ae acta MERE ele ON
1699742061-stream.jpg,BARES Ue Os:
1699742083-stream.jpg,i-Bsa ee cs Ss
1699742096-stream.jpg,ew Nae Sia gee Far Spee aeat ete oi per a ee
1699742098-stream.jpg,_ i pA EAS eek pee OES Aly Aa
1699742120-stream.jpg,eerasne as Z privcisa stata “ Rene setae Seis ESS ae
1699742122-stream.jpg,Poe
1699742133-stream.jpg,a Pee aes cae «saa ie pus Se iiebee heen e werEos eps Mee ee DR eS
1699742166-stream.jpg,SS) ahs ite Si AER
1699742200-stream.jpg,»
1699742210-stream.jpg,—
1699742213-stream.jpg,Sees
1699742219-stream.jpg,He:eed
1699742234-stream.jpg,ceo. ae oe i
1699742254-stream.jpg,pee
1699742349-stream.jpg,ig Spee
1699742380-stream.jpg,i5:.
1699742401-stream.jpg,ate
1699742406-stream.jpg,[alt ts = COR Se ee ant vp cay Se ee
1699742412-stream.jpg,DNS Seas
1699742433-stream.jpg,|
1699742500-stream.jpg,Ce RC AS ae
1699742517-stream.jpg,SS ea
1699742523-stream.jpg,padi att py
1699742597-stream.jpg,Re ed ee nant Sere ee ae
1699742601-stream.jpg,"ie i al Noe ned MNS eae Nag aie agitate oa re Wa EaEeoe,eck"
1699742611-stream.jpg,%
1699742627-stream.jpg,a.
1699742659-stream.jpg,pt ay
1699742679-stream.jpg,a
1699742683-stream.jpg,a
1699742685-stream.jpg,ee
1699742690-stream.jpg,wyis:sd
1699742721-stream.jpg,Sole GE antec Se Be
1699742722-stream.jpg,"JERE REETSs,"
1699742745-stream.jpg,ps Sa lah i Sl Sail ae gE SS AS LORI ORR NAR an eet ce a el A ati a oS oe
1699742748-stream.jpg,Pee
1699742761-stream.jpg,y
1699742778-stream.jpg,EAR aezspetaoe
1699742796-stream.jpg,pie a tn se etal ei * gi7 E aa e S Rai
1699742818-stream.jpg,ae te ‘ hsSe ene :z eSes - ‘iiat Sat aR COON oe At ‘ = “ai aliaes Salar Sp Ra BNO a tes SN EE ETS NES CR RSis 7eri Eat: : mee «: eexide% éseca Simiial Sacre tees garg ee ae wees panne as SS ee %: Petite!)besetae eteeae :
1699742821-stream.jpg,"Sehee ie ee ore RES Or ge ara acy tet Set aei nF e ‘5 7 Se ea ‘a eet 4 pe oe MeO tsfs Praia Ge otsfae oP Pebts Aare iad toi er hae Nip tsi ale nh eee a aepee os 33 %,Rr Bei taba Nec eeeea"
1699742823-stream.jpg,? z 5 RICEbre SAS eS ag ates ingots ier Ze SSE x Bp“ .4Je> Ssf cs%i ie Ji SS ryIs:BS% eI :ee 3< oF x2
1699742842-stream.jpg,=
1699742847-stream.jpg,"pena ates vain Nit eye eR Toh ie 8 Tea, om. anne Caen Eady a eA Gate § Gut atboe tamale Mw PG Aire Nee tas utes Pag inte BE * oceesti |é* ‘ q ‘3ae eS aeh a aait) : bti e Dita 3 ie:ee: Gietn aISER AEAEE FE Neste ait Sd So etd aN Re SR‘. €"
1699742853-stream.jpg,"Patera nyt Knee ie TESais Sop ahee eaesch ccae sight atte sikatahe Sas, ASE AGE Ss NE at"
1699742857-stream.jpg,SAG GORGE ae ee CORR Wygt aatake seek Sait gags Spa ae age a ee Vaid alae Pe Nate eS OE a tea Die e 0 ak PhS RR NE eeeet* cEy s§uN : ¥a ‘‘iNetgee :i. 4i rs aoe
1699742864-stream.jpg,; x ge 7 caveF Seni Pie alld eatin er hapht d Ceair: E : z erege otem - :eee Bina#2 Near eee Aasee zeee on‘ * ‘e ‘Pecans er omer aa acne SoS eteety aan eae evn wien mys eR RECeae : eee“ORDER = BREST waee rarea ae enaReade Car Chae ae Mite asoe eeie Pe ares Reacts SSPM RE TET OIE IS INA eR aN ps snc Ung RS EN UEgS ct dha i a I ak lay eh a tak ha ee ake et Se a eh Bim Re
1699742879-stream.jpg,fie pain egnk Ped Hine Aue pigs Bek ee . sh Sect 4 NS Sour es eat CARe ae raiFico eb ia'* oie feaati aes posesbe panel eatin ouanheetic ce SapSel ie ee et
1699742887-stream.jpg,"ANP AEE RR 2 Sete Aras ER eens% Hc peeMe mn rate ateebaste a : ‘pid mettigicstin iic aches ans tipcaaens et Nyeeg paid tosh Operate Pe ean ff3) ae tet : pisedeens teat By =X. 5 Ra e ieEo,"
1699742899-stream.jpg,Pin gorabee ae Mahl iby a Pama ae conn ET SM hae ee ag t tet Se alee ReSe “3 —
1699742905-stream.jpg,Pat ER a a ee rt hier ee sR
1699742910-stream.jpg,Sree wkees abeRasrerdon
1699742912-stream.jpg,4
1699742915-stream.jpg,erage “ x Roe Aged boon ry 2 ie seats ea atat ME ghd ca aoe 7 Prautn teens eeeesesepeas oe ng i acim’ LAWS ig wey Sik he ae NUR es Re at TekBee ee Bar EHBerets ass % iy * eaBate Poe a
1699742917-stream.jpg,eee oeeigae gal otas
1699742921-stream.jpg,peeigiescecee_ aaio ee ae $
1699742930-stream.jpg,"tc i ks tl aie 2G Le Wie. ta Nga Osa so aes was Sal Ries ath Re la oN Bos SE aR GS Sail Lat ht ics"" no RR SPOR NO IR SEC UN Ne Mr ah CgEe cor er PRMD Ca MSI RR TEE teeta OE aDNa Semtine Sateeen aston’ Rane eee tea aco ie Deans ae ae"
1699742933-stream.jpg,I aut ae eis otFs atin RECS SANTA RI eH DEP Ip RC ae he ne
1699742935-stream.jpg,oj bata Set sge GS aI RR NG SE a PAR Bi de
1699742944-stream.jpg,"Space Nai se rea iaitaR ee  8 a is 3polis Rat RON at gale Har eld aes ea 4i pth mths apn, pe i yen eae Rape DO e A Lt? wR Seip! Sa foment ve"
1699742956-stream.jpg,"eee gts hry San pant co se ge Satie do es Sh SeTER Re ae aE ERE ale Cie TRS a:Syis cae PsPy. Sat Bs, Se es ee RNY Sa ee: 3 aaa aNPP an a hee seca ort lat Yo aang (LORS AAS Yagi TR sate ge aspose waa eh Mo nahi ieee ane (tenia sommes Sutin a.m Me tah cebie geioatpais apaeg nag BS Peet aah at a PR Gme BO EN Se Aor"
1699742959-stream.jpg,"ieee Ge Aigo re be, ea eeePERSIE RB As Soin eee ne cay Cn"
1699742963-stream.jpg,od3
1699742968-stream.jpg,iea)
1699742974-stream.jpg,‘Lestat ay cael aR aca ashy Soest Dneeint Saar aR ace aes ¥* ie
1699742982-stream.jpg,Reypte Ae ee dl te Clan apo Bae Ser ER
1699742988-stream.jpg,Rigen ag cake ee ieie SCRA eae <6 eesRied apie
1699742994-stream.jpg,pe amie gn erm7 dg tanta leh ?Peaches Be abesd se heéé3RR Shee Re ee ae ae Re ae 7
1699743001-stream.jpg,HF * ah Ss Sons geepeoeschacik Che Mri a iene collate eee TE eee Tos eee ak a eee
1699743007-stream.jpg,aa’eo as z %Y Bi:
1699743012-stream.jpg,See Se a ome rs o 7hd ie Bhi ah Daa Later sefacn Wack lnc gt ioe LM: A ae _- aes3 & 2ec RR NS Ss Sa he Pale ip Gale Mei eg bagelRe ele Se Hae 3 .Coen ee a en ‘<MeN a RO ne eea := ate “4 Sis x4 Systa =neiy; ;
1699743028-stream.jpg,His eg cat Ca AM aw he sia ovary ty
1699743031-stream.jpg,PON eas oo. esid 150 Gent PR a tepid SA Se eitFee eee eo ath MeeeSeas “fae eteric rahe yaitee noe Saal mets Tato
1699743033-stream.jpg,"SAS eae ee kD, an a Me Se a"
1699743038-stream.jpg,"hatte ESbath hentai BA A nie Lod ea se pial an garish BEN RTEi. ene ote) 6 tens Serhan ivy fees ew iF 6pee ts ete seis ag, tN eae"
1699743042-stream.jpg,"i Nal cee in oe Bt tn Sri Seep ath na a ae ee?Pe 6 Sti eer en 2 Kapa ated peas,"
1699743052-stream.jpg,PE ete Weds WR Rt al pM Ea Mg cde nig Font age SMa
1699743083-stream.jpg,""" ¢ %X‘ .3 aes * Sica # ieF ¢ z - a8, F “ied . s z A: *z¥ Me 4 % i"
1699743088-stream.jpg,5 hga ap « 3 =epeebeeEee r3bee ¥ ae@ acne‘3 %a é
1699743093-stream.jpg,J eeBee
1699743151-stream.jpg,": ifras abeteee iy 5p%, *.¥ 3 by: 2psa hi; %(ithe ¥ ve(3 i,x rioe ae oiis te ypetite a eal, oe aie Ged sole eeeFeat dete sim osad ie en graced Sate ial etoaer a Enh RESesate i"
1699743164-stream.jpg,"“ane og SP a > me 5s "" %Psy basen ie sg as <a Ny i Ba Sng OR YT a IR NAO OE ce ete Ores abe NE aaS BABS pT ap ROI EEE REE i Aa thea ta oaAg eae gs po Siar : ety tin Sekt"
1699743188-stream.jpg,ese pain Pesca yetSet gees ait eSfe pene oy ie ise ~“t os
1699743228-stream.jpg,"ae ee See :‘ “i7 vee ,&€ eet oes “aes : St ithe:Ramayay uke Dan ae sae We HO nena man Ka eamena aro aE Se yr SSaici wa meetin ueeigioant me a errareat Maney ne taka Se ene"
1699743235-stream.jpg,we
1699743237-stream.jpg,ESSER ETS 6 are MN ei Be nehile “© ae ae Bean gu snd Sibi no ene Meee: oie!ee Pte ion De Rie CRIS eek tote oa Tae aaa POR ol
1699743275-stream.jpg,cat psFenian Fie terheso 58 ae| 7Piesss eSica tod aid Stihe
1699743281-stream.jpg,‘ 35 =scepa* gsbat Gs| eee!
1699743298-stream.jpg,ates cease At eo RN eee pattie od: ai hs Gaia thang hig es
1699743315-stream.jpg,BST:
1699743321-stream.jpg,Rosier:
1699743323-stream.jpg,eat a
1699743330-stream.jpg,ee
1699743362-stream.jpg,ell
1699743365-stream.jpg,Pe
1699743368-stream.jpg,a ee ee peTk Wis f Sik ply ea ae a sea Cee ae eee hee are aead Raine ad an Sar a ea Gi Nine aibred a hein deyaty eA LRA We aut neal eerlanee rae iblenicae! Sages pia rea PuRLE wale zspottedeae ;Both Ag* a%Ae seeReis =
1699743373-stream.jpg,"“ L"" 3wc f;Sostes .wie i ‘ *"
1699743375-stream.jpg,"Qos An Saeht aes “Okage med ee er ee wis my eon +5 DG ater aaa¥ Badia 5 ‘ i zs x ‘ ees somaBe Abana ph Reto ae ta A ; ss ee Su ¥ te ESS ieee S; aa eta Betti URS Chg Ree CoaDaa ea ac age Ca ME IR re acai, POE LS EGY Ee a155 Pes :Sie ay Sey : 4 aTea Ce: ie Se ag ltl Assert eB aNa Ne Rta tat be BAAS Os ee a Re epPiss aS 2 ee t y ft so) Seat ie Sea te ra re eR os SewagePAO ER Gy ith tah DNR Aap RNG Bis ae SIR VS gph AANA Se Riki Se bails aeme NG Aas URS ener eecig CIR, aett ea Coie Set;  OEEAS “4 eae iMs: i Bs Meeeae ee a ‘3 Pasts sameni sie ei Sap ee isie 4: meie + .Pre rssRpbtussoge. fcLee ASSs tap aw oaks ae beara ea aia © ints oes PERS aSaewertee =ffecesea aaa"
1699743378-stream.jpg,el I oe mney
1699743388-stream.jpg,eS
1699743393-stream.jpg,cnr aNd yt 3 ae beatae Sheena ee Fs GESi. a oA i Nak Sa lho sce wie RM ION Fa ea ohne POA a So eek ea a See
1699743404-stream.jpg,eepe arene ty‘Mahe hnae tig tres e abe that tE 5 ary wees teeBe 5 Se Mi has Ponta i tl er NS tae wt; set Besse aces
1699743406-stream.jpg,Pee NS
1699743419-stream.jpg,"Ee OAS Has ea Ee CR ER Pt Eee se"" NES ROORG pul BRA scoot keenNeri oT Reese ae"
1699743426-stream.jpg,"ic MEM Re Caprese ak aie, 2a 2 ka Che ea OE be A Tee pehol eh tae :Wipes msihgiegt Ser eine ca tear oe Eee Re acePe ye E Seee rare eg poe a watSEN TaN ON ie Ss"
1699743430-stream.jpg,GEFs sede oSrages ea spoeStearn muah eke woe sme mee ore Et ate
1699743435-stream.jpg,oa
1699743437-stream.jpg,— Ut& = = ;s
1699743439-stream.jpg,wields Sead ticle achroa if <Bee hl! oe a MAES Gh te Sd Fea ae pobe hin oieRETO wins RRR aE: ANMI ae ea eaten aerm tiki gem ate ae x ¥
1699743454-stream.jpg,Sel ceed aap tpt ase
1699743472-stream.jpg,»a tese |nei . s fspetié:caerSey ee A RRL aoe RETAGER NER MRE E AOE Kiet neg as sakepee ESE LH ROSE MES Rabe ORT aioat kee they imi Fra
1699743499-stream.jpg,3 ypoeta ao ersbe ¥| is|I aepees
1699743503-stream.jpg,ey =oaaS 3ae¢ ‘ “. - eysf ES Bt ;aa BRACES nosion eeeeR hs coui aPIC Dhaene eats tec ete eeSet ‘ % y aBiB Teed ep i rn peShek ae Sait
1699743507-stream.jpg,ee ee Seed one oi ees
1699743522-stream.jpg,Pods Wc aeen hg Sas ae atc eth ts Mb atic ta eea“ rs reele i “4es he i %$ 4 5£ ‘ Kpilin Seinen pak Rt TE iin abies cae Mian SeeBir te
1699743526-stream.jpg,WeeSE tei a LTRSaeeigt
1699743533-stream.jpg,i ee ARM SIO RE ERR EE BERG ph NOt ag Rial Nomi MBC SS 5 eis OA Rtn ka Seal asap oes oR 5 ec ipa ean ae RRs Be Canela are tf ASana Guys aba este
1699743535-stream.jpg,a topic sage eR seg ic Appe pt oti ackee eer a ater e athe a eta age re eenSPOS TER Arh etna! 8 INS a 4TPR IR EIR ESTE TE ee aii ae a a Bi
1699743537-stream.jpg,% eeees ae eas wale Nd pane eieo tea ogc eRe ere Ee ateie rieBeco cae padres wee iat on: ciesberlin eabghh poms aynls nd ager Saket 4
1699743541-stream.jpg,ee aoe aeietsrereis
1699743547-stream.jpg,"ses? Site hema ae 2: ~ * ipeli SES eS pene tl oa ge Reka, © a"
1699743550-stream.jpg,salad ete huey Sib E i Si et DEAS Ags lho ac io adebes
1699743554-stream.jpg,Pes
1699743563-stream.jpg,3 par aant Coe! *Seb inh giana te NY ES Sal BSigal PaaS toug See ee ae Sac ec acs Sacea  haahia eRe!
1699743565-stream.jpg,"Sa aE elit 3ae, ca prelate ee nines eae Bs Gime SPE Hp ao :lee NEL Sa oo a area cas ae RO cee"
1699743567-stream.jpg,Bi fa. ‘ i:bee ad SI eitiaad ga Sg te pat an eR oh ae Cor REDcae Late argh a tanta wie ies ieaa oe Sseadierie 9g. aha Se HOE fa
1699743569-stream.jpg,é4 eeSe ssPate ee Ses
1699743576-stream.jpg,Bae
1699743581-stream.jpg,aiid.
1699743606-stream.jpg,eae ¥Z ae0 ea eaeeee ee ‘
1699743608-stream.jpg,i se ‘ sep e
1699743611-stream.jpg,eein tet Roce ged SN n ee oe aes gee Roe pea E te oe aedshes ee cP kes eatesyet se I 4
1699743618-stream.jpg,ifmth abietalee Tae Gaon austen onic cigpva Psa boiled too xtebece
1699743629-stream.jpg,asta BaneesPonting aeseit seagheest ued
1699743634-stream.jpg,"2G Sah OS EL dn ee Soe t NS ta aan ee .nei, °C i tea Reap Na Sake RE Sig Se Sy ig spl ostes mes acatat tar aie ie i mate oo+ ‘ es pr a eR aeee é ats ge hak: aa Se a AS :ee Sse ee eet pee ge Caine hapten eh a pepe aes¥ SONY Cs SRE RRR tek waite dette: ie ae Fe Z arif, ‘ei Seer ap * el brat ihe 3 + ateFs keke a as + Se sera"
1699743647-stream.jpg,ee oh aig Soa tae ah ar Pe Re Same ae ee aan oe ay
1699743655-stream.jpg,_— Ce
1699743659-stream.jpg,miei ge tienpipom comme ts
1699743661-stream.jpg,vi fap xseca Uy Rie te Na ied poe
1699743688-stream.jpg,Pie eR s#5 Dats BRS eect exe ##
1699743690-stream.jpg,": -ee :3fsWag yo career pai Beant SE REISSy Ee SS ee bea a Cio!pga: ABE, bib Giltegede a eM"
1699743713-stream.jpg,"ahgE DE ee ar""SS peat Se soil BSSSes ete ate ie” Nghe Be,aa"
1699743731-stream.jpg,#ia patting a Bue neat a atyneen eR aap ok eee atk5
1699743735-stream.jpg,pt hack iat oe eet ne eae Ng ex RS pha ak acetoneph recht Rcarp Sana meee clan! Hino eaoad asaya sti hine Satah net nate Wie Ye Chin3PS scheCiel: eg. Es f
1699743742-stream.jpg,ea
1699743748-stream.jpg,ahs: fits Si ty a Rates
1699743756-stream.jpg,: eyaes A =oe Find ce» e .5tePiet detrei zs eee atwe rahSBS Raider ARE ESEene abt oe TS eA
1699743761-stream.jpg,2s eS ee ere tes pee eee
1699743763-stream.jpg,“ar a z yrs. aey tx ¢ Pee nez a eR = oaAE eee s Re 3A ; 3 ee tsbg « % ‘ spe : ¥ ‘ ‘ 2i‘ ¥ a
1699743767-stream.jpg,Ah GES HR FP SAS St ME aes OUCE re Re Oe PE ee ne aa
1699743769-stream.jpg,"a ae ns baer =a eae < iaPE tesher tere tates:a Cay ue eGR Can net eke ie eetRee cane sia nkne 2 ae AES oer SARS eRe eR See SL aaBik ey5 ee. &, Reex f Zok Ae Reinegree ; Sie PEasiacer *yours :"
1699743775-stream.jpg,a
1699743781-stream.jpg,ee
1699743784-stream.jpg,pac angen net meaia Ai ts nan¥Sb ehenn ts rte ane toe eat eeelt aie) Sarah page SE aay aie
1699743795-stream.jpg,"el aba ee PON eB ais as a, oa aCe Riphn Bg a shy Pei oe So Sa en Naps oe ae Se"
1699743807-stream.jpg,eka tact chine aR Rp pe te 9 a A HEN gp St Ne aN POG a; vs t or ereeee
1699743809-stream.jpg,a i an A orig gen A hy fae neti ite Sat seg oy singeee eee ae ae ete
1699743818-stream.jpg,dy NOLS aS git wie a etS“
1699743824-stream.jpg,Pee [Bor anes: Neos eneh ites cen -pettecs Re Daas er
1699743832-stream.jpg,i hi Smo pati haat hig Se! tai Ph tae cg ine
1699743834-stream.jpg,"ar <3ie Mee ‘ nsi a hl Bo ed fe gh hk ee te Nie 8 Soa eh“ patty ayee ps st i Ri ih pa REEL SRG SMa OE rR Sate fae fe % i: Pee cg é3 3 ‘poe yee ae hates ARawie: fi j iOS 4Bee 56S Rares SE eT IRwigs : : ‘ agPap et Beckt Hap a Se ee Bae: eS etl,BeVeen Senin eats, Oe SMe adig eA alt ee eae le"
1699743860-stream.jpg,ee Ae a %
1699743864-stream.jpg,<netn
1699743876-stream.jpg,Ren eens Sea ei aa nig EERE CESfs sree NE Bee pease i woes ssee eee es
1699743892-stream.jpg,"? jge 3%0, s =i .ee ieghee ¥%ae"
1699743906-stream.jpg,"f aGe ac a aA On a Nan Ne int Dew wie A Baca ie oe cle a mace AM. anae ae eoSR fe, Pete ="
1699743912-stream.jpg,EPR poet notre tomate ts sie oS AAU ae oR eR aPecos carl takes af gai sti pe ata As Nana
1699743917-stream.jpg,"aetna aie ce eka nokia ae te pb Ale Fiepape tigi No sett se eb. Ae, at ated Rae! npg omesf lena Bei iP der RE Sa By baat caelSh petites aio iors: woes ees 5"
1699743919-stream.jpg,sited Moos) ef‘4 Ksea ia Ret ate =aee ORRICLP a rer uae Oe tot i ct
1699743933-stream.jpg,Sah LDR 2 ot Wine BSB Niece EB Oe ha Nig NB SLRS patti ae eth esti de MRE eases
1699743955-stream.jpg,eae Datos ein Ca eetee Ree Tebore ig adipic ee Aupelcen gf Senet 2 wa SAND Sw
1699743957-stream.jpg,"Fetal Bie Gel tn ae >, Sa apesang baer ereek ae sip me ee aeae ‘ :eee nate Gate ee: Naota;Bie ety ak"
1699743965-stream.jpg,iphitssdhaidel SAP Raa Meg Bia
1699743979-stream.jpg,"Ber ae a te ee ‘ae. Er a act Gh, My iy Shee"
1699743983-stream.jpg,iBe eae A RR OE 35 wale Saye igelete a Ree eS
1699743985-stream.jpg,pe ih fmt + IW 5 Sor eetggreti o ge ie Pe Rh: ab aigeed Aes bier at Nahar elas Hae! Sean ines AgeeSneeee ceed aa aia aat ew idea eee ao
1699743987-stream.jpg,Rete Str ties Stith aati aoe
1699743990-stream.jpg,a ee eee ares i. < :
1699744006-stream.jpg,Eis SA Seer ahaa a one ae ew Becton nid ehHabe hate eal SS iss citar ste cm we ay oY
1699744008-stream.jpg,Ni/c2P i aepee a AR be eebing tad haa atia Rete ga ry Fae neonbet persia lle Ty eas Hb dl Jyet seen ign en cek cat
1699744011-stream.jpg,"Tica ak JN soci Bru SR os San iE NB ara ae i, eh 8 Ske"
1699744020-stream.jpg,; Pa-_}4;
1699744028-stream.jpg,"bi pa hes Site phason Lathe SSG PRgtia EEL DG MTR,"
1699744032-stream.jpg,¢sasntseesete fePee ae vgtS
1699744048-stream.jpg,Bg
1699744052-stream.jpg,fs ji : <4 ae é Bra eeEe a Sey AEN oe 8 SR Ng oR a £0Seatac. ar eerie ee te ee Lae ae ear ee crane cron ty nae Se eee ae
1699744070-stream.jpg,ete atespoh onbeail ae &
1699744083-stream.jpg,hee)cake =
1699744086-stream.jpg,iages Age Nich cui!) Set WORN ogee Maney RPA Riad oan Soy cee OP erg vane ahde rte a
1699744088-stream.jpg,¢: : Ree :; ss Bee ne ae.Data elite are eee Ak ae eh ee A Bees MGreeio.2 Snes iset ish
1699744111-stream.jpg,an ste Nainital ting tah ak aN Laat ee ae gclgste le Bed i al epg oe Dee ws ASbe o Seas AR ancesoe 2¥ * xse
1699744125-stream.jpg,Papi Se aunt AR ah agit SO nde ca ge Lg Te fk eo sin eee Sd BGA MSSat ee aE i yaShi etcecten ey avs
1699744137-stream.jpg,ap Ee att he faresMAD SP les tay eel aot baast Sede er Re pet a tenetssoph hehe Ripken hc asad Patten mesesSoe inal er PS he es
1699744144-stream.jpg,as pie tad ae Dg ape “Ht a ig eee am papa te egoieae GES Hn soo Ee te SiR eae
1699744156-stream.jpg,beating Me hese Sills ene SERENE at Beta cas Ne
1699744161-stream.jpg,"earl trai has Mea RUE Oca ere, Ae i, aangSamy Wie ahh M8 ose ah erp Soe ee eats tee ir"
1699744167-stream.jpg,ueaay
1699744174-stream.jpg,as ATES aes Pacligteening eSNG snl 6 ¢tipi eee eey neeBie Fe eae- SES At ea Setees e iay
1699744178-stream.jpg,ip eipetral aes arte De baa eee
1699744185-stream.jpg,"RRO RRR RO IS cs ate ea OTS ates aera reeee MONS ela Ps Piet aN tiie eaese WEE ie IG See uO ie angbose aS Pag eb Sr ved il Ean a eS iy Ee eG Ag cog ar ? ¥3ant ee gh hight Sr F aSie pe Wig Wn Oe eae Sina eh aaltomes tein, ales hig atemieves | ty gen teres th Oy ie: A eapreanick piptiewh G oes |PAE ch aa Si eset he Sab Se cp sce ae tae"
1699744206-stream.jpg,"yi eee oi en Rigen etyA Splellyilectnen ge eaten aad WM gach ial Bae GaiT,"
1699744209-stream.jpg,a RE Ct el MEE a SFE
1699744211-stream.jpg,xelf
1699744213-stream.jpg,Ne A a a Ea ees ‘
1699744215-stream.jpg,re
1699744231-stream.jpg,siReees.
1699744235-stream.jpg,Ate : 4iB i zs ‘+ ahs % a ae ésa ac eare oo anes << sj TS eae en
1699744243-stream.jpg,Pag CRN Eg EES RS PE peat cage aaa
1699744261-stream.jpg,eeae eee
1699744264-stream.jpg,AE ag Stet metsee Shc Ree a SMe Base bre atee Peet tess tee aoa DTSaes aol eeHES x yae ‘ ‘ ‘apRls . 3 : j ogpies g20R cae Aghiei AES BREE Seam i ah aiggra i pena 7 ; ar eae
1699744270-stream.jpg,"ce ae acta ix a AR AE eh 5 a9Le eh, a Sil tl inal ba Nom +i =5 ;ete eins aL Sa ee eect = ‘"
1699744305-stream.jpg,SE See Oe
1699744310-stream.jpg,aia Sadi tle acta > Aa eatenpel ares Deas aae cient anaemey RN
1699744319-stream.jpg,deepSD fesnpe alesinacen 378
1699744331-stream.jpg,pee diigcnne pam Eliya hele thy Sie Sg abation een eat ait Saks eee tee
1699744337-stream.jpg,gh tee pe ae : i on
1699744347-stream.jpg,ae)es RE ejpm.ree gee tants Mere er SS eal es Hae raeBip ei ecte sean
1699744350-stream.jpg,et SSRN
1699744355-stream.jpg,eh; ae ane Z SisPe aie tt ER WAI SN ue RE yi aeHate 0M dag Sea Babess ae eo ‘ Be eeeAWE NRE WI Cem te e eeN ‘ woh
1699744357-stream.jpg,BARS Sse an a lapeiacs hye ie Sega ae” pak the— ied AiR og ca ett tee ho dork Be DS cc %pe ES Wiles ak inciee  baags Sec pid ed Sete ath ee Ne Se
1699744361-stream.jpg,"bei Blick gsy Raa ORS, SR Ae 5 ‘3 : os sia "" 3 SSRe PE eR a EAS NERS wea CR el aF i aac"
1699744371-stream.jpg,jade ani 2 san aa Ray Ae tga ae Ping tae patiently SG pre wed ech oeLigti aig n ti. in aoe a a ing ny ateisf
1699744374-stream.jpg,eae hea ta ra Perna aA
1699744377-stream.jpg,5&ined. Ms
1699744384-stream.jpg,MONS Ry ae ee ee ee 5 ‘as Bate Se : tiheies ‘peal aap C6 ae aging ia Why PRI 8. i ets
1699744390-stream.jpg,a Pa aes are a Seaah ccs 3Rahn aS z daseHe St ahing a tal Ia SRG N RP Rg CB AR ee elk ib
1699744394-stream.jpg,ie eet apbles eee ie tear
1699744440-stream.jpg,beac edp Si tae=pe
1699744443-stream.jpg,Samet Re ee oe
1699744456-stream.jpg,MS anh Ee a te Ses Ret net SA
1699744461-stream.jpg,ated Gap Ee. Geog Es ta wes hae
1699744467-stream.jpg,Se Sens S48 gok Seok eee ae
1699744480-stream.jpg,"Sg: PE la ge SE aaa AE ee Ms at NRStan! :cilia ac ant ashes, Sok Ac Gina sin eM sian Nah he gSWee sia Mem Denar ONS bobedies SVC TAK TAs SSR aeerie estore Winats oes é. f"
1699744490-stream.jpg,"samt whey = fewaa csREO RBS ot 3iiss Gia icone 6 MS au phim e wthog kapenis Nhe nly alr cont, igh ae he A Aoot sieht"
1699744493-stream.jpg,fee SoS rae W's Biel nk Wace a as SU eanPIES Cpe Se ea ate At ‘ 4
1699744494-stream.jpg,EN ees: # Ls ae ie alegen an tes (CA Sk a aanO ea7 opi
1699744503-stream.jpg,ap pi ta s
1699744505-stream.jpg,"8,Seah, Bia, eeLee"
1699744508-stream.jpg,-||
1699744519-stream.jpg,"PE pip tat meeNe et Oe A MT nelle =) Rat TRE, gE ges CHPOA gene ae"
1699744527-stream.jpg,ne ae eeews
1699744542-stream.jpg,iEanes ghee
1699744544-stream.jpg,orig sen sg eo Sac tint ah a Nts es Tae Kerem es ita aCe
1699744553-stream.jpg,+ “a 4 xnant eebs Sota ike 5 ;
1699744557-stream.jpg,ile VAG i ie alee ee 5 Jeol pen ag¥ ‘are reo A +
1699744564-stream.jpg,ae a‘ ae: Na aGee naeee :aieSeraF ‘ a We zSe : oer =
1699744566-stream.jpg,Se SERRA as SE3ENS re
1699744570-stream.jpg,Ane meee re een Caen ee tr Be em
1699744579-stream.jpg,Bete saat eT Since there tet RE ace ge ine TeeEEiatiecien EO naa Miho rere seal Saw eebee cet 2 ail te 2
1699744592-stream.jpg,"& gs i ene ili, fen dita te Lad nae eS at"
1699744602-stream.jpg,SGessida seal:
1699744608-stream.jpg,bs ag tah hos ee paw tay é oe » era2 < beter :(ie pel aa neal a RSL hina ede eka os as BE IESEE ea asis oems Sat es 5a a
1699744610-stream.jpg,SO ee
1699744620-stream.jpg,Bie Seapap phe oy tientTape otal eta te aun arcry
1699744634-stream.jpg,‘tss .:a:*sdb ztae ;
1699744636-stream.jpg,i aed Sate dhl ae piel o> casas did nesPes eat aie Rtn hi Pb ae hee MACae Ry
1699744644-stream.jpg,ee ne cated hte a at Oe aes
1699744665-stream.jpg,"we,"
1699744676-stream.jpg,eg R a BESS eG We eS
1699744688-stream.jpg,i4*
1699744692-stream.jpg,bain Boh
1699744700-stream.jpg,a eae-:
1699744703-stream.jpg,wae
1699744729-stream.jpg,"bie eS Pieewrel ae ies Bree TO es * hpi ah) coop Ting RIpains gk atoe aaaeisaitay wi aeale Seas a Sade RG cg, ad eet olla a ean Gr aa Se"
1699744754-stream.jpg,pte eee ig Pee
1699744757-stream.jpg,Fp ie ct
1699744761-stream.jpg,yest mya od 2 eg lkLatik ng SEbse rennet
1699744766-stream.jpg,"=3ay := 7 *= yeaeae , : ;"
1699744775-stream.jpg,:i¥e
1699744777-stream.jpg,=Pameaote sere
1699744783-stream.jpg,Bari heeb ic a Xhy éSy :a a bag se eae eae aS at a i eS Aes
1699744790-stream.jpg,pit opie ans WA NESE ECAR: oD A ese aE
1699744808-stream.jpg,ela SE eal os ah ik hess * eyes dae SRS oA big é z= aati gst pace Nea e 5 aes‘tide rae
1699744810-stream.jpg,Se oe
1699744821-stream.jpg,a x eeee ae eee ee ee ek ee omte aie Ghalerit te Varennesee ale SFP OGRE iets ve Nag
1699744831-stream.jpg,ES Es gestapleshpat‘Aap aecyl ata saisMe “: iie OeReger ERee
1699744835-stream.jpg,pees
1699744852-stream.jpg,fe teCy ite eee ae
1699744856-stream.jpg,ii tak aac i is ea a Lit sia acct hee pee aie See an saat a aS So aa aia RR i ga a le oaBig et Hr celvatahegh eh 33 i sgpoms SaaS ig ie planeg RE YD tah eects gay Seats Sag eam ome! ey a> Ni eae myacne aess rera Be f s5 5) sh 3tie EY ay 3 fe tee akbe is a ‘FA OER o lag - ah Sy
1699744859-stream.jpg,silat em Seat aS sat ky CaP peGf UNE Sig SR aan fers Spe
1699744866-stream.jpg,"ee Fisk HCaN Oana” oe Mak oc Cone Re Taman Seeey iedade seclerely, ie line eneine acorns gear ons SO ania aeSol apte iar kedohteprteas ‘ Said 8 eeOs"
1699744868-stream.jpg,pe Lee Nesta ile co Recetas * alba eel cama Shee
1699744872-stream.jpg,‘i a ath Serra maps Etc cmok SRG ihn Eats Bk com<3 $
1699744877-stream.jpg,Bacar
1699744881-stream.jpg,©eee
1699744883-stream.jpg,Rt ar EUS TRUCE Ss EE
1699744887-stream.jpg,%S
1699744895-stream.jpg,"ibs3ae,a+*+-"
1699744903-stream.jpg,ee ae es ea a aR A Re IEE See ESNSS ee am~ See
1699744906-stream.jpg,"pa agp SR eh oH pS IR SEARS 8 Cag Sp 4arit Se ivna Mew eon Rica 2 7enhe eeeRatan or eee Ee * eit <Ag Ait sepia acted lee Se stern 6, ie Ce ae, Hue SV ad"
1699744908-stream.jpg,ee ae ore riaSait sey Gib Soe oe
1699744934-stream.jpg,Sa samopea
1699744945-stream.jpg,"PSE Re tee ete ee ee ee ReesSt amma see Dose a gS 9 2D Mie ee ak a sm, olan te Se"
1699744963-stream.jpg,Fee CURIE Se hore MA ier Ck RO Raga oreo Seyea heie it SoS 5 Seg Vike ane ina iE NS a aaa inn DS PeH * ¥
1699744968-stream.jpg,a
1699744971-stream.jpg,"Steg ha es te at AN EN ale pen Sel ai agshies aah RN gem 7 s .henge Sehes Hig A ielgd ty ca Ep DE RAN PRERepeat Ror lgglatales SS ahaa fnakis, Sots abner en! shh tapas yk Bake Pes"
1699744973-stream.jpg,pte he odbese pct
1699744980-stream.jpg,Li ale ferentPSE Sane ila ae Be
1699744982-stream.jpg,"ae pie adhea eee y ttWansiee i 2 ve. a ‘mi bs Sede Bee:: asist Bae MSS, ie aea aeGES SRR gna SO ES Sg aN"
1699744988-stream.jpg,iifens he a 5 Jieee ie Sen oe =e ean eer eca
1699745006-stream.jpg,nie nppeataeoatSee
1699745009-stream.jpg,miHiss Ne ch Ris Se pe Lo ‘engfags aah Ae OT Se # ¥
1699745013-stream.jpg,SE ES Sas * fs 2‘4PR Zire sake gestae ea He eine * <
1699745016-stream.jpg,spar Ye ae
1699745024-stream.jpg,a Ser ee oe eeeaac pineie cous cadlens ha GRRE aes enal en « aabe ad Sah Lag Sia as acl a asin EC aco aaicy Sealy tiie sere o Pa BLS hh nas Ya
1699745030-stream.jpg,"SRE Rice OT SB cea Gc Oe ie platea pap aache ete oe SEAM Bre Sr ete an = Sete eigfeartede tamsBAS a irebin an at no jan Vie mifenk 2 Tap Nn ae Re a a 0d ABB Sins: awe nieedIe, = Magali et Sa a - 2 ¥"
1699745046-stream.jpg,"%Be or Scene een ince ores 2 oseget snags ermal Chi, tine, ¢ eect ee piu Ae AE mst he eae saci a"
1699745048-stream.jpg,aha Siete etpeg
1699745049-stream.jpg,! Rs Sante Pe an nC eeTea oe
1699745055-stream.jpg,pe erestee ewaesLiag SS Se Wiens 9s
1699745057-stream.jpg,"Pgs ate pan Rew See 2 % »rsPee ean Ae Sea ee eat RN ETS Ee AOA APit ides Ea GR imei: Aes (oan Rebel h, at ee"
1699745082-stream.jpg,Sap gel aise re
1699745105-stream.jpg,is ‘ eteede ae - Sie a-ak reneeegies ce sabes Se woe en Gane
1699745123-stream.jpg,eee eeheaton
1699745128-stream.jpg,ie
1699745138-stream.jpg,"¥#¥Saad taraee er tagety, aire"
1699745154-stream.jpg,a
1699745160-stream.jpg,spi age CE apa Rb aL sRearen Gee dinga® ito d rene na Ne AE ale ies toe Sonia Abas OBS NaS Eee le SeiI ee a Shales %Ree cn Se eee ee ee Siete’ phe ee ssoss re ipa tad Gi Na a etch te ae ‘ee Si ree ee reg ane me eaes See erg ee See
1699745183-stream.jpg,$e See paneee
1699745191-stream.jpg,Sad oui
1699745195-stream.jpg,e ia ae Sig ahaa sas ee
1699745202-stream.jpg,Sette tens
1699745204-stream.jpg,a lade Hie §e eR
1699745206-stream.jpg,Fe AO RS free Oe es
1699745209-stream.jpg,fe rida gt Stsadl at ne ne Sy ea ae ah
1699745215-stream.jpg,dee titer Te ee key fhe: Cae ee 4Sil: als ieee 3 sat ss Siting asian anah tata hautdee aig alia ? seaiathaie Oey ere ea ee Sit Caner =YFa aoe SB SEIS 2 UP Spt SedincSat art oe pg Pa Fi SOE br cite 084
1699745219-stream.jpg,iWig e Hes tad
1699745222-stream.jpg,ps Sicak ol satan ot aaa de ee Seaha os *
1699745229-stream.jpg,2+;; ASeapine ade
1699745243-stream.jpg,¥oe
1699745247-stream.jpg,eeepos
1699745273-stream.jpg,RS Ag eA aneA 2 eeerae bs aad ef
1699745284-stream.jpg,atte
1699745286-stream.jpg,""" iesAap ea es Bt eeeBie agesepee:"
1699745292-stream.jpg,ites Sactict Sige eeaak eee!Pe ee OE ree
1699745301-stream.jpg,PSs te AES tte MRSS
1699745303-stream.jpg,eS ceed Ne Re SES gg Sil  A2T a es aera sg . ig pid RRR MS aioe. ecearane a Oe ar ane!Fae Naki eens eee MR iOS Se ae Reta ee mer Pash Pe Meemnncbo tcc CY ns | OS Rer aa egies
1699745327-stream.jpg,SPE 2tee A nelaeetiah nagtecah oie ae akaEe a ot ake eaLeech MON: Sa aie wea ttee ceepee alice che ee aa SRO Ce ial aRA See ar ayes Mies ie!
1699745331-stream.jpg,hoear Kees
1699745337-stream.jpg,Sn RSS Neo Pd nc nelep iene ne
1699745343-stream.jpg,bo Da ngs Sane NA aa i A Ae oeat Aik sale 2g ip tena Fila yn = a igen penta pe ee eSrae
1699745347-stream.jpg,patie ene iaergthnty anty nee ee oe toca% : aee AREAS sor a etis
